# ************************************************************
# Sequel Pro SQL dump
# Version 4541
#
# http://www.sequelpro.com/
# https://github.com/sequelpro/sequelpro
#
# Host: 127.0.0.1 (MySQL 5.7.21)
# Database: SoupSaladSandwich
# Generation Time: 2018-03-24 19:21:28 +0000
# ************************************************************


/*!40101 SET @OLD_CHARACTER_SET_CLIENT=@@CHARACTER_SET_CLIENT */;
/*!40101 SET @OLD_CHARACTER_SET_RESULTS=@@CHARACTER_SET_RESULTS */;
/*!40101 SET @OLD_COLLATION_CONNECTION=@@COLLATION_CONNECTION */;
/*!40101 SET NAMES utf8 */;
/*!40014 SET @OLD_FOREIGN_KEY_CHECKS=@@FOREIGN_KEY_CHECKS, FOREIGN_KEY_CHECKS=0 */;
/*!40101 SET @OLD_SQL_MODE=@@SQL_MODE, SQL_MODE='NO_AUTO_VALUE_ON_ZERO' */;
/*!40111 SET @OLD_SQL_NOTES=@@SQL_NOTES, SQL_NOTES=0 */;

CREATE DATABASE IF NOT EXISTS SSS;

USE SSS;

# Dump of table categories
# ------------------------------------------------------------

DROP TABLE IF EXISTS `categories`;

CREATE TABLE `categories` (
  `category_id` char(1) NOT NULL,
  `name` varchar(8) DEFAULT NULL,
  PRIMARY KEY (`category_id`)
) ENGINE=InnoDB DEFAULT CHARSET=utf8;

LOCK TABLES `categories` WRITE;
/*!40000 ALTER TABLE `categories` DISABLE KEYS */;

INSERT INTO `categories` (`category_id`, `name`)
VALUES
	('0','Soup'),
	('1','Salad'),
	('2','Sandwich');

/*!40000 ALTER TABLE `categories` ENABLE KEYS */;
UNLOCK TABLES;


# Dump of table objects
# ------------------------------------------------------------

DROP TABLE IF EXISTS `objects`;

CREATE TABLE `objects` (
  `object_id` int(11) NOT NULL AUTO_INCREMENT,
  `path` varchar(255) DEFAULT NULL,
  `name` varchar(255) DEFAULT NULL,
  `description` varchar(255) DEFAULT NULL,
  PRIMARY KEY (`object_id`)
) ENGINE=InnoDB AUTO_INCREMENT=11 DEFAULT CHARSET=utf8;

LOCK TABLES `objects` WRITE;
/*!40000 ALTER TABLE `objects` DISABLE KEYS */;

INSERT INTO `objects` (`object_id`, `path`, `name`, `description`)
VALUES
	(1,'/pede/ullamcorper.html','luctus','euismod scelerisque quam turpis adipiscing lorem vitae'),
	(2,'/nunc/vestibulum/ante/ipsum.png','enim leo rhoncus','egestas metus aenean fermentum donec ut'),
	(3,'/tempor/convallis.aspx','condimentum','lacus morbi sem mauris laoreet ut rhoncus'),
	(4,'/quis/odio/consequat/varius/integer/ac/leo.json','ut','lacinia eget tincidunt eget tempus vel pede morbi'),
	(5,'/elit/proin.html','nec','consequat lectus in est risus auctor sed tristique in tempus'),
	(6,'/massa.json','sodales scelerisque','nulla mollis molestie lorem quisque'),
	(7,'/faucibus/orci/luctus/et/ultrices/posuere.aspx','turpis','potenti cras in purus eu magna vulputate luctus cum'),
	(8,'/pede/justo.html','elementum eu interdum','in imperdiet et commodo vulputate justo in'),
	(9,'/quisque/ut/erat/curabitur/gravida.html','in faucibus orci','est quam pharetra magna ac consequat metus'),
	(10,'/bibendum/imperdiet/nullam/orci/pede/venenatis.png','tempor','elit ac nulla sed vel enim sit amet nunc viverra');

/*!40000 ALTER TABLE `objects` ENABLE KEYS */;
UNLOCK TABLES;


# Dump of table users
# ------------------------------------------------------------

DROP TABLE IF EXISTS `users`;

CREATE TABLE `users` (
  `user_id` int(11) NOT NULL AUTO_INCREMENT,
  `cookie_val` binary(128) NOT NULL DEFAULT '\\0\\0\\0\\0\\0\\0\\0\\0\\0\\0\\0\\0\\0\\0\\0\\0\0\0\0\0\0\0\0\0\0\0\0\0\0\0\0\0\0\0\0\0\0\0\0\0\0\0\0\0\0\0\0\0\0\0\0\0\0\0\0\0\0\0\0\0\0\0\0\0\0\0\0\0\0\0\0\0\0\0\0\0\0\0\0\0\0\0\0\0\0\0\0\0\0\0\0\0\0\0\0\0\0\0\0\0\0\0\0\0\0\0\0\0\0\0\0\0',
  PRIMARY KEY (`user_id`)
) ENGINE=InnoDB AUTO_INCREMENT=102 DEFAULT CHARSET=utf8;

LOCK TABLES `users` WRITE;
/*!40000 ALTER TABLE `users` DISABLE KEYS */;

INSERT INTO `users` (`user_id`, `cookie_val`)
VALUES
	(2,X'3233343835303233343631303838373836393730393734313733373737343230303235373139000000000000000000000000000000000000000000000000000000000000000000000000000000000000000000000000000000000000000000000000000000000000000000000000000000000000000000000000000000000000'),
	(3,X'3137313931353134303931373739313433373533393533363633353538303734363939393538000000000000000000000000000000000000000000000000000000000000000000000000000000000000000000000000000000000000000000000000000000000000000000000000000000000000000000000000000000000000'),
	(4,X'3230313435323739333339383032383635353339333535373232313338363431323033323233000000000000000000000000000000000000000000000000000000000000000000000000000000000000000000000000000000000000000000000000000000000000000000000000000000000000000000000000000000000000'),
	(5,X'3234313439313230313939383335333335393432383032353730313832303336363037373030340000000000000000000000000000000000000000000000000000000000000000000000000000000000000000000000000000000000000000000000000000000000000000000000000000000000000000000000000000000000'),
	(6,X'3230383430313034373038333536313439303136303537303635383537363635313634353430340000000000000000000000000000000000000000000000000000000000000000000000000000000000000000000000000000000000000000000000000000000000000000000000000000000000000000000000000000000000'),
	(7,X'3732383231323133343534373338353031323934393330383536333239343632333539303637000000000000000000000000000000000000000000000000000000000000000000000000000000000000000000000000000000000000000000000000000000000000000000000000000000000000000000000000000000000000'),
	(8,X'3134383039363736383230393638383230373833333033313138323738343437313339313839330000000000000000000000000000000000000000000000000000000000000000000000000000000000000000000000000000000000000000000000000000000000000000000000000000000000000000000000000000000000'),
	(9,X'3236343738343237313635373734383138343533343832353532363035383931373639303931310000000000000000000000000000000000000000000000000000000000000000000000000000000000000000000000000000000000000000000000000000000000000000000000000000000000000000000000000000000000'),
	(10,X'3133373336383739373633353330323536343935363239373738313638373634363131383531320000000000000000000000000000000000000000000000000000000000000000000000000000000000000000000000000000000000000000000000000000000000000000000000000000000000000000000000000000000000'),
	(11,X'3333383731323535353434333931373937333737323432393534313733343533383236383431390000000000000000000000000000000000000000000000000000000000000000000000000000000000000000000000000000000000000000000000000000000000000000000000000000000000000000000000000000000000'),
	(12,X'3237363131343038353833363732363131313636353339313734303734383639333537363532380000000000000000000000000000000000000000000000000000000000000000000000000000000000000000000000000000000000000000000000000000000000000000000000000000000000000000000000000000000000'),
	(13,X'3136303330303432353133323834323838393532363838373130333539303036343930383938350000000000000000000000000000000000000000000000000000000000000000000000000000000000000000000000000000000000000000000000000000000000000000000000000000000000000000000000000000000000'),
	(14,X'3737383333323638393630313537363733363532323735393438363437323934363638363339000000000000000000000000000000000000000000000000000000000000000000000000000000000000000000000000000000000000000000000000000000000000000000000000000000000000000000000000000000000000'),
	(15,X'3232393538353033323031363230383733393831373436353834383733383432353231373635350000000000000000000000000000000000000000000000000000000000000000000000000000000000000000000000000000000000000000000000000000000000000000000000000000000000000000000000000000000000'),
	(16,X'3238313835363132343330383035363538373239383535383133343837373535333333313933330000000000000000000000000000000000000000000000000000000000000000000000000000000000000000000000000000000000000000000000000000000000000000000000000000000000000000000000000000000000'),
	(17,X'3134383735363738393834353938363234383330323139303034303339363639313838383736360000000000000000000000000000000000000000000000000000000000000000000000000000000000000000000000000000000000000000000000000000000000000000000000000000000000000000000000000000000000'),
	(18,X'3232343839373734393830313538383930373538323232363235333431343639393335353939300000000000000000000000000000000000000000000000000000000000000000000000000000000000000000000000000000000000000000000000000000000000000000000000000000000000000000000000000000000000'),
	(19,X'3137333932333137343330353437353037303237323535393237323037333235303038363337360000000000000000000000000000000000000000000000000000000000000000000000000000000000000000000000000000000000000000000000000000000000000000000000000000000000000000000000000000000000'),
	(20,X'3834343237303638363731333436333034353034303636323039333930373736313335343632000000000000000000000000000000000000000000000000000000000000000000000000000000000000000000000000000000000000000000000000000000000000000000000000000000000000000000000000000000000000'),
	(21,X'3237333235333434333734373136323533383438333135343033343733313130373539303031350000000000000000000000000000000000000000000000000000000000000000000000000000000000000000000000000000000000000000000000000000000000000000000000000000000000000000000000000000000000'),
	(22,X'3137343032303935323236303531303739323336383931353733303530383635373232363039340000000000000000000000000000000000000000000000000000000000000000000000000000000000000000000000000000000000000000000000000000000000000000000000000000000000000000000000000000000000'),
	(23,X'3130313232383836333738313534343434363835393430323032383138303433393632373230310000000000000000000000000000000000000000000000000000000000000000000000000000000000000000000000000000000000000000000000000000000000000000000000000000000000000000000000000000000000'),
	(24,X'3139313138353838393533393636363138383833313233353533363235323433303636353032300000000000000000000000000000000000000000000000000000000000000000000000000000000000000000000000000000000000000000000000000000000000000000000000000000000000000000000000000000000000'),
	(25,X'3434303135373136313736373833353338373539333838343236343032313639383735333339000000000000000000000000000000000000000000000000000000000000000000000000000000000000000000000000000000000000000000000000000000000000000000000000000000000000000000000000000000000000'),
	(26,X'3637313435373036393032363239373939343234323738353931373831373031383739353439000000000000000000000000000000000000000000000000000000000000000000000000000000000000000000000000000000000000000000000000000000000000000000000000000000000000000000000000000000000000'),
	(27,X'3239303435353330303135363633353439323737353833393839393035313233323839393737000000000000000000000000000000000000000000000000000000000000000000000000000000000000000000000000000000000000000000000000000000000000000000000000000000000000000000000000000000000000'),
	(28,X'3134333033353037383437343433303834373430343334323535303234393235393834363535390000000000000000000000000000000000000000000000000000000000000000000000000000000000000000000000000000000000000000000000000000000000000000000000000000000000000000000000000000000000'),
	(29,X'3236373234343131313836323431373039343434393337343734353637363038363133343134360000000000000000000000000000000000000000000000000000000000000000000000000000000000000000000000000000000000000000000000000000000000000000000000000000000000000000000000000000000000'),
	(30,X'3239343237333835363939323238373632303838353536373138343239343230353135353736320000000000000000000000000000000000000000000000000000000000000000000000000000000000000000000000000000000000000000000000000000000000000000000000000000000000000000000000000000000000'),
	(31,X'3733313232303838303832313033303133363539303233323430303535343534393033343833000000000000000000000000000000000000000000000000000000000000000000000000000000000000000000000000000000000000000000000000000000000000000000000000000000000000000000000000000000000000'),
	(32,X'3236313631303932383332323335373236323031303330363132363532383836353031393136300000000000000000000000000000000000000000000000000000000000000000000000000000000000000000000000000000000000000000000000000000000000000000000000000000000000000000000000000000000000'),
	(33,X'3230313837333335323833353139303339323131393039333833303232343032363939343738370000000000000000000000000000000000000000000000000000000000000000000000000000000000000000000000000000000000000000000000000000000000000000000000000000000000000000000000000000000000'),
	(34,X'3132343730313735353537313437393136353839383338383630383536353430393233363138390000000000000000000000000000000000000000000000000000000000000000000000000000000000000000000000000000000000000000000000000000000000000000000000000000000000000000000000000000000000'),
	(35,X'3135323438363739383636313830333433303735353032353531393338393435343233323738300000000000000000000000000000000000000000000000000000000000000000000000000000000000000000000000000000000000000000000000000000000000000000000000000000000000000000000000000000000000'),
	(36,X'3230363236323831383539393936363635323639323733373039353732333532343738313932320000000000000000000000000000000000000000000000000000000000000000000000000000000000000000000000000000000000000000000000000000000000000000000000000000000000000000000000000000000000'),
	(37,X'3237373337383834303133353839343531353531363939323334373339353435373935363636350000000000000000000000000000000000000000000000000000000000000000000000000000000000000000000000000000000000000000000000000000000000000000000000000000000000000000000000000000000000'),
	(38,X'3631373832353037363230363336333932373630313933333732393239383238343131383839000000000000000000000000000000000000000000000000000000000000000000000000000000000000000000000000000000000000000000000000000000000000000000000000000000000000000000000000000000000000'),
	(39,X'3137343930353331333336313430383231333236383135373133393034333932323734393630320000000000000000000000000000000000000000000000000000000000000000000000000000000000000000000000000000000000000000000000000000000000000000000000000000000000000000000000000000000000'),
	(40,X'3236383539353933383638353834353736323335333930303131303533353538363834393735310000000000000000000000000000000000000000000000000000000000000000000000000000000000000000000000000000000000000000000000000000000000000000000000000000000000000000000000000000000000'),
	(41,X'3135363939313133353134313537383639333733363635363736333436313535343838323239000000000000000000000000000000000000000000000000000000000000000000000000000000000000000000000000000000000000000000000000000000000000000000000000000000000000000000000000000000000000'),
	(42,X'3239353539343435353030353832343237373936323439353234383634353037393232313334340000000000000000000000000000000000000000000000000000000000000000000000000000000000000000000000000000000000000000000000000000000000000000000000000000000000000000000000000000000000'),
	(43,X'3332353935313633343832323632373033393334393334303231343835313734323233353937310000000000000000000000000000000000000000000000000000000000000000000000000000000000000000000000000000000000000000000000000000000000000000000000000000000000000000000000000000000000'),
	(44,X'3238303136353230343730353338383535343837393732353935343733333937353134353635320000000000000000000000000000000000000000000000000000000000000000000000000000000000000000000000000000000000000000000000000000000000000000000000000000000000000000000000000000000000'),
	(45,X'3239313739313733323639353635303730313938393834363531393534373134353334313937370000000000000000000000000000000000000000000000000000000000000000000000000000000000000000000000000000000000000000000000000000000000000000000000000000000000000000000000000000000000'),
	(46,X'3136333133383735363534313232323636323833343038323135333538353134343935303337300000000000000000000000000000000000000000000000000000000000000000000000000000000000000000000000000000000000000000000000000000000000000000000000000000000000000000000000000000000000'),
	(47,X'3130393739363136303731303731363931363130343131343936343038333034353036373931350000000000000000000000000000000000000000000000000000000000000000000000000000000000000000000000000000000000000000000000000000000000000000000000000000000000000000000000000000000000'),
	(48,X'3239383737323135353834333739323435313332303731303037333531393232363831303839330000000000000000000000000000000000000000000000000000000000000000000000000000000000000000000000000000000000000000000000000000000000000000000000000000000000000000000000000000000000'),
	(49,X'3134383132363335373034363439393130313631373833353138343237353635313431303831320000000000000000000000000000000000000000000000000000000000000000000000000000000000000000000000000000000000000000000000000000000000000000000000000000000000000000000000000000000000'),
	(50,X'3337343230303332353737333735393937353937303431313637333533303837323637313938000000000000000000000000000000000000000000000000000000000000000000000000000000000000000000000000000000000000000000000000000000000000000000000000000000000000000000000000000000000000'),
	(51,X'3130303635363438383338393631323237303533313434343435363335303137393837343330330000000000000000000000000000000000000000000000000000000000000000000000000000000000000000000000000000000000000000000000000000000000000000000000000000000000000000000000000000000000'),
	(52,X'3136313636303936393633323835313231333039353433353639343835353731323730373432360000000000000000000000000000000000000000000000000000000000000000000000000000000000000000000000000000000000000000000000000000000000000000000000000000000000000000000000000000000000'),
	(53,X'3131333739363639383738313436393338373339383839393134313232333131323830373532340000000000000000000000000000000000000000000000000000000000000000000000000000000000000000000000000000000000000000000000000000000000000000000000000000000000000000000000000000000000'),
	(54,X'3539343134363935343738313636313835343832363630393639393935393439393334343630000000000000000000000000000000000000000000000000000000000000000000000000000000000000000000000000000000000000000000000000000000000000000000000000000000000000000000000000000000000000'),
	(55,X'3131383037363832363432353533333839353136323536373033393735343432373839373330380000000000000000000000000000000000000000000000000000000000000000000000000000000000000000000000000000000000000000000000000000000000000000000000000000000000000000000000000000000000'),
	(56,X'3135333330343832343335333034383334343833383337383136343334323931363936373933320000000000000000000000000000000000000000000000000000000000000000000000000000000000000000000000000000000000000000000000000000000000000000000000000000000000000000000000000000000000'),
	(57,X'3238393735313330303636323838303733363837363936313933303531353733333831323336360000000000000000000000000000000000000000000000000000000000000000000000000000000000000000000000000000000000000000000000000000000000000000000000000000000000000000000000000000000000'),
	(58,X'3838383638353634333536393432343139333935393332373834383533333138353135363200000000000000000000000000000000000000000000000000000000000000000000000000000000000000000000000000000000000000000000000000000000000000000000000000000000000000000000000000000000000000'),
	(59,X'3830393636353136363032313536393138313331333639313732353239353838373538313734000000000000000000000000000000000000000000000000000000000000000000000000000000000000000000000000000000000000000000000000000000000000000000000000000000000000000000000000000000000000'),
	(60,X'3931313133363032343532363630333437333136333737383132373336363438323630363833000000000000000000000000000000000000000000000000000000000000000000000000000000000000000000000000000000000000000000000000000000000000000000000000000000000000000000000000000000000000'),
	(61,X'3331333433303234353637313736303131313136313938313431343430323235383036323136320000000000000000000000000000000000000000000000000000000000000000000000000000000000000000000000000000000000000000000000000000000000000000000000000000000000000000000000000000000000'),
	(62,X'3330353030333831363239393535323432323038383136313439303934343732323139323234350000000000000000000000000000000000000000000000000000000000000000000000000000000000000000000000000000000000000000000000000000000000000000000000000000000000000000000000000000000000'),
	(63,X'3639353631303931353236303134303039353231313231393637313435373536333932343735000000000000000000000000000000000000000000000000000000000000000000000000000000000000000000000000000000000000000000000000000000000000000000000000000000000000000000000000000000000000'),
	(64,X'3936393631373337383135353833323336363731333134323033363036323235313839313038000000000000000000000000000000000000000000000000000000000000000000000000000000000000000000000000000000000000000000000000000000000000000000000000000000000000000000000000000000000000'),
	(65,X'3236333631393931363937373932383530323136333530383933363134313539393039383838330000000000000000000000000000000000000000000000000000000000000000000000000000000000000000000000000000000000000000000000000000000000000000000000000000000000000000000000000000000000'),
	(66,X'3135303030323036313236393538393730373634303639343630383039303238333231393838310000000000000000000000000000000000000000000000000000000000000000000000000000000000000000000000000000000000000000000000000000000000000000000000000000000000000000000000000000000000'),
	(67,X'3139373030303235363338373537303532333434323931383034353331333037353531303236360000000000000000000000000000000000000000000000000000000000000000000000000000000000000000000000000000000000000000000000000000000000000000000000000000000000000000000000000000000000'),
	(68,X'3239363936333836383832313835343331393738333935363431303731343032323438333530340000000000000000000000000000000000000000000000000000000000000000000000000000000000000000000000000000000000000000000000000000000000000000000000000000000000000000000000000000000000'),
	(69,X'3332313130343235343233323239323032333636333539363330313936353336303430303230320000000000000000000000000000000000000000000000000000000000000000000000000000000000000000000000000000000000000000000000000000000000000000000000000000000000000000000000000000000000'),
	(70,X'3839373738313435303733313239383937333035383035323939303931373132353933393836000000000000000000000000000000000000000000000000000000000000000000000000000000000000000000000000000000000000000000000000000000000000000000000000000000000000000000000000000000000000'),
	(71,X'3239303735363138313438353231383136393537313434323830343939303134353233343333390000000000000000000000000000000000000000000000000000000000000000000000000000000000000000000000000000000000000000000000000000000000000000000000000000000000000000000000000000000000'),
	(72,X'3137363031303335373134343139363237343532353633353531343638303733303437323733360000000000000000000000000000000000000000000000000000000000000000000000000000000000000000000000000000000000000000000000000000000000000000000000000000000000000000000000000000000000'),
	(73,X'3530373033303933303639363234333330323338303035323830373237363832383137303234000000000000000000000000000000000000000000000000000000000000000000000000000000000000000000000000000000000000000000000000000000000000000000000000000000000000000000000000000000000000'),
	(74,X'3237353732303235363039303037393736313937313032323236303436333737313332343137390000000000000000000000000000000000000000000000000000000000000000000000000000000000000000000000000000000000000000000000000000000000000000000000000000000000000000000000000000000000'),
	(75,X'3130363130303139333138393638343632333838313130363936343330383530383335353538310000000000000000000000000000000000000000000000000000000000000000000000000000000000000000000000000000000000000000000000000000000000000000000000000000000000000000000000000000000000'),
	(76,X'3137373239313139313738343534323136383837353334373937393837333436393230343433310000000000000000000000000000000000000000000000000000000000000000000000000000000000000000000000000000000000000000000000000000000000000000000000000000000000000000000000000000000000'),
	(77,X'3830343033373037383437353533363630343938393734363838313136333434343331313739000000000000000000000000000000000000000000000000000000000000000000000000000000000000000000000000000000000000000000000000000000000000000000000000000000000000000000000000000000000000'),
	(78,X'3231373636383333363130363436323837393538323836373635383330313532353536313334360000000000000000000000000000000000000000000000000000000000000000000000000000000000000000000000000000000000000000000000000000000000000000000000000000000000000000000000000000000000'),
	(79,X'3535313430383134343932343535313631393333373336393333303633383037353839373335000000000000000000000000000000000000000000000000000000000000000000000000000000000000000000000000000000000000000000000000000000000000000000000000000000000000000000000000000000000000'),
	(80,X'3638393835333936333935383239333239313835333539383937313436313232333235353930000000000000000000000000000000000000000000000000000000000000000000000000000000000000000000000000000000000000000000000000000000000000000000000000000000000000000000000000000000000000'),
	(81,X'3337353335383234313035323932343636373337393732333130303135383539303038303737000000000000000000000000000000000000000000000000000000000000000000000000000000000000000000000000000000000000000000000000000000000000000000000000000000000000000000000000000000000000'),
	(82,X'3136333134313135333338333132373737383339313730323634363735383532363235363535330000000000000000000000000000000000000000000000000000000000000000000000000000000000000000000000000000000000000000000000000000000000000000000000000000000000000000000000000000000000'),
	(83,X'3137333531363037323033313239363936323735373232373934343232393535333932313937360000000000000000000000000000000000000000000000000000000000000000000000000000000000000000000000000000000000000000000000000000000000000000000000000000000000000000000000000000000000'),
	(84,X'3330323334303736323836333337333932353630333835363035323738343232333536363834380000000000000000000000000000000000000000000000000000000000000000000000000000000000000000000000000000000000000000000000000000000000000000000000000000000000000000000000000000000000'),
	(85,X'3236343137373532393437333935313132353730313336333434303835373137383939363336350000000000000000000000000000000000000000000000000000000000000000000000000000000000000000000000000000000000000000000000000000000000000000000000000000000000000000000000000000000000'),
	(86,X'3230383435313933303039393030383131323731333339383134343333373234353033353233320000000000000000000000000000000000000000000000000000000000000000000000000000000000000000000000000000000000000000000000000000000000000000000000000000000000000000000000000000000000'),
	(87,X'3236363934303537383633313338393230363831383634363633333933383534323238353436310000000000000000000000000000000000000000000000000000000000000000000000000000000000000000000000000000000000000000000000000000000000000000000000000000000000000000000000000000000000'),
	(88,X'3239393932343434363537343939363139313239383031363937343936383334393939353739360000000000000000000000000000000000000000000000000000000000000000000000000000000000000000000000000000000000000000000000000000000000000000000000000000000000000000000000000000000000'),
	(89,X'3234363934353834363937303237393635393038353831383831323335363037363437393231300000000000000000000000000000000000000000000000000000000000000000000000000000000000000000000000000000000000000000000000000000000000000000000000000000000000000000000000000000000000'),
	(90,X'3638383739333531333536333034373234363736363233333530343737323937383036393936000000000000000000000000000000000000000000000000000000000000000000000000000000000000000000000000000000000000000000000000000000000000000000000000000000000000000000000000000000000000'),
	(91,X'3139343738353538303630393735353435353538333938313837373235383630373832383335000000000000000000000000000000000000000000000000000000000000000000000000000000000000000000000000000000000000000000000000000000000000000000000000000000000000000000000000000000000000'),
	(92,X'3131343337303238343532313031353333383534353437323932363132333236353039373537300000000000000000000000000000000000000000000000000000000000000000000000000000000000000000000000000000000000000000000000000000000000000000000000000000000000000000000000000000000000'),
	(93,X'3238323632343337353037393337343437373236323330373733373830313933333937343632370000000000000000000000000000000000000000000000000000000000000000000000000000000000000000000000000000000000000000000000000000000000000000000000000000000000000000000000000000000000'),
	(94,X'3737353839373130333133393533313635393639303933313232313032333536333438313939000000000000000000000000000000000000000000000000000000000000000000000000000000000000000000000000000000000000000000000000000000000000000000000000000000000000000000000000000000000000'),
	(95,X'3739343632393033313332313232353134353337313739303730363039393836343336353600000000000000000000000000000000000000000000000000000000000000000000000000000000000000000000000000000000000000000000000000000000000000000000000000000000000000000000000000000000000000'),
	(96,X'3333383734373333353230353237393231343238353432303539363030353338343535363533390000000000000000000000000000000000000000000000000000000000000000000000000000000000000000000000000000000000000000000000000000000000000000000000000000000000000000000000000000000000'),
	(97,X'3431353434353631363838363430363939383337373630313036353133333431373137393237000000000000000000000000000000000000000000000000000000000000000000000000000000000000000000000000000000000000000000000000000000000000000000000000000000000000000000000000000000000000'),
	(98,X'3836323230343433363030353037383734393837363835373432343033313534303035373700000000000000000000000000000000000000000000000000000000000000000000000000000000000000000000000000000000000000000000000000000000000000000000000000000000000000000000000000000000000000'),
	(99,X'3235383532343431383637333231383631353136323335383531353833343530343434353838370000000000000000000000000000000000000000000000000000000000000000000000000000000000000000000000000000000000000000000000000000000000000000000000000000000000000000000000000000000000'),
	(100,X'3731393035373039333431343231353132383337393838323935383735393831363233333833000000000000000000000000000000000000000000000000000000000000000000000000000000000000000000000000000000000000000000000000000000000000000000000000000000000000000000000000000000000000'),
	(101,X'3230333634363236323732303431343633303836373136373937323635353536333531303632340000000000000000000000000000000000000000000000000000000000000000000000000000000000000000000000000000000000000000000000000000000000000000000000000000000000000000000000000000000000');

/*!40000 ALTER TABLE `users` ENABLE KEYS */;
UNLOCK TABLES;


# Dump of table votes
# ------------------------------------------------------------

DROP TABLE IF EXISTS `votes`;

CREATE TABLE `votes` (
  `vote_id` int(11) NOT NULL AUTO_INCREMENT,
  `object_id` int(11) NOT NULL,
  `user_id` int(11) NOT NULL,
  `category_id` int(11) NOT NULL,
  PRIMARY KEY (`vote_id`)
) ENGINE=InnoDB AUTO_INCREMENT=22 DEFAULT CHARSET=utf8;

LOCK TABLES `votes` WRITE;
/*!40000 ALTER TABLE `votes` DISABLE KEYS */;

INSERT INTO `votes` (`vote_id`, `object_id`, `user_id`, `category_id`)
VALUES
	(2,1,22,0),
	(3,6,59,0),
	(4,7,32,2),
	(5,5,39,1),
	(6,8,32,0),
	(7,9,58,1),
	(8,4,42,0),
	(9,10,65,1),
	(10,6,51,0),
	(11,7,100,2),
	(12,9,11,1),
	(13,9,52,2),
	(14,1,16,0),
	(15,6,18,2),
	(16,7,31,2),
	(17,7,22,2),
	(18,7,100,0),
	(19,1,8,1),
	(20,3,97,1),
	(21,9,38,1);

/*!40000 ALTER TABLE `votes` ENABLE KEYS */;
UNLOCK TABLES;



/*!40111 SET SQL_NOTES=@OLD_SQL_NOTES */;
/*!40101 SET SQL_MODE=@OLD_SQL_MODE */;
/*!40014 SET FOREIGN_KEY_CHECKS=@OLD_FOREIGN_KEY_CHECKS */;
/*!40101 SET CHARACTER_SET_CLIENT=@OLD_CHARACTER_SET_CLIENT */;
/*!40101 SET CHARACTER_SET_RESULTS=@OLD_CHARACTER_SET_RESULTS */;
/*!40101 SET COLLATION_CONNECTION=@OLD_COLLATION_CONNECTION */;
